{
    "VEH_001": {
        "lt_mean": 94.68309883288102,
        "lt_var": 237.57562033503524,
        "total_samples": 255841
    }
}