{
    "VEH_001": {
        "lt_mean": 98.90180886796993,
        "lt_var": 53.703533025037395,
        "total_samples": 249368
    }
}