{
    "VEH_001": {
        "lt_mean": 30.559371490779213,
        "lt_var": 1578.2303313610041,
        "total_samples": 247980
    }
}