{
    "VEH_001": {
        "lt_mean": 86.78712830050591,
        "lt_var": 486.1200136828686,
        "total_samples": 249075
    }
}