{
    "VEH_001": {
        "lt_mean": 95.40086038001583,
        "lt_var": 208.80489575509898,
        "total_samples": 252877
    }
}